﻿<?xml version="1.0" encoding="utf-8" standalone="yes"?>
<!--Generated using 'NEHTA Vendor Library - CDA' version 4.5.3.0-->
<!--The following template packages are supported for Specialist Letter: .23(1A) .24(1B) .25(2) .26(3A) .27(3B) .28(1A) .29(1B) .30(2) .31(3A) .32(3B)-->
<ClinicalDocument xmlns:ext="http://ns.electronichealth.net.au/Ci/Cda/Extensions/3.0" xmlns:xsi="http://www.w3.org/2001/XMLSchema-instance" xmlns="urn:hl7-org:v3">
	<typeId root="2.16.840.1.113883.1.3" extension="POCD_HD000040" />
	<templateId root="1.2.36.1.2001.1001.101.100.1002.132" extension="1.3" />
	<templateId root="1.2.36.1.2001.1001.100.149" extension="1.0" />
	<templateId root="1.2.36.1.2001.1001.100.1002.237" extension="1.0" />
	<id root="2.25.277279634982410574538196780849803344347" />
	<code code="51852-2" codeSystem="2.16.840.1.113883.6.1" codeSystemName="LOINC" displayName="Letter" />
	<title>Specialist Letter</title>
	<effectiveTime value="20190201163513+1000" />
	<confidentialityCode nullFlavor="NA" />
	<languageCode code="en-AU" />
	<setId root="9639bc81-d3ed-4629-84d7-e72c9084379a" />
	<versionNumber value="1" />
	<ext:completionCode code="F" codeSystem="1.2.36.1.2001.1001.101.104.20104" codeSystemName="NCTIS Document Status Values" displayName="Final" />

	<recordTarget typeCode="RCT">
		<patientRole classCode="PAT">
			<id root="2cc6ec75-ec61-41ee-b091-2b7de17eabad" />
			<addr use="H">
				<country>Australia</country>
				<state>NSW</state>
				<city>Hatfield</city>
				<postalCode>2715</postalCode>
				<streetAddressLine>135 Long Way</streetAddressLine>
			</addr>
			<patient>
				<name use="L">
					<family>Hatter</family>
					<given>Mad</given>
					<prefix>Mr</prefix>
				</name>
				<administrativeGenderCode code="M" codeSystem="2.16.840.1.113883.13.68" codeSystemName="AS 5017-2006 Health Care Client Identifier Sex" displayName="Male" />
				<birthTime value="19770113" />
				<ethnicGroupCode code="4" codeSystem="2.16.840.1.113883.3.879.291036" codeSystemName="METeOR Indigenous Status" displayName="Neither Aboriginal nor Torres Strait Islander origin" />
				<ext:asEntityIdentifier classCode="IDENT">
					<ext:id root="1.2.36.1.2001.1003.0.8003608666701594" assigningAuthorityName="IHI" />
					<ext:assigningGeographicArea classCode="PLC">
						<ext:name>National Identifier</ext:name>
					</ext:assigningGeographicArea>
				</ext:asEntityIdentifier>
			</patient>
		</patientRole>
	</recordTarget>

	<author typeCode="AUT">
		<time value="20190201163513+1000" />
		<assignedAuthor>
			<id root="a5f3946d-44e4-4da4-9bdb-76c40516de51" />
			<code code="253312" codeSystem="2.16.840.1.113883.13.62" codeSystemName="1220.0 - ANZSCO - Australian and New Zealand Standard Classification of Occupations, First Edition, 2006" displayName="Cardiologist " />
			<addr use="WP">
				<country>Australia</country>
				<state>QLD</state>
				<city>Brisbane</city>
				<postalCode>4000</postalCode>
				<streetAddressLine>56 Albert Street</streetAddressLine>
			</addr>
			<telecom value="tel:0345754566" use="WP" />
			<telecom value="mailto:authen@northsidecardiology.com" use="WP" />
			<assignedPerson>
				<name>
					<family>Kidman</family>
					<given>Angela</given>
					<prefix>Dr</prefix>
				</name>
				<ext:asEntityIdentifier classCode="IDENT">
					<ext:id root="1.2.36.1.2001.1003.0.8003619166674595" assigningAuthorityName="HPI-I" />
					<ext:assigningGeographicArea classCode="PLC">
						<ext:name>National Identifier</ext:name>
					</ext:assigningGeographicArea>
				</ext:asEntityIdentifier>
				<ext:asEmployment classCode="EMP">
					<ext:employerOrganization>
						<id root="9be9d161-edcc-41d2-8744-760233bc894f" />
						<asOrganizationPartOf>
							<wholeOrganization>
								<name>Northside Cardiology</name>
								<telecom value="tel:0745754566" use="WP" />
								<telecom value="mailto:authen@northsidecardiology.com" use="WP" />
								<addr use="WP">
									<country>Australia</country>
									<state>QLD</state>
									<city>Brisbane</city>
									<postalCode>4000</postalCode>
									<streetAddressLine>56 Albert Street</streetAddressLine>
								</addr>
								<ext:asEntityIdentifier classCode="IDENT">
									<ext:id root="1.2.36.1.2001.1003.0.8003629900019338" assigningAuthorityName="HPI-O" />
									<ext:assigningGeographicArea classCode="PLC">
										<ext:name>National Identifier</ext:name>
									</ext:assigningGeographicArea>
								</ext:asEntityIdentifier>
							</wholeOrganization>
						</asOrganizationPartOf>
					</ext:employerOrganization>
				</ext:asEmployment>
			</assignedPerson>
		</assignedAuthor>
	</author>

	<custodian>
		<assignedCustodian>
			<representedCustodianOrganization>
				<id root="4860b69a-ba37-4cc5-beac-1d74dac5b283" />
				<name>Northside Cardiology</name>
				<ext:asEntityIdentifier classCode="IDENT">
					<ext:id root="1.2.36.1.2001.1003.0.8003629900019338" assigningAuthorityName="HPI-O" />
					<ext:assigningGeographicArea classCode="PLC">
						<ext:name>National Identifier</ext:name>
					</ext:assigningGeographicArea>
				</ext:asEntityIdentifier>
			</representedCustodianOrganization>
		</assignedCustodian>
	</custodian>

	<informationRecipient>
		<intendedRecipient>
			<id root="3d6f9582-8048-4f2f-9777-6629448338d1" />
			<addr use="WP">
				<country>Australia</country>
				<state>QLD</state>
				<city>Brisbane</city>
				<postalCode>4000</postalCode>
				<streetAddressLine>400 Queen Street</streetAddressLine>
			</addr>
			<telecom value="tel:0786457894" use="WP" />
			<telecom value="mailto:authen@qeeunstgp.com" use="WP" />
			<informationRecipient>
				<name use="L">
					<family>Arasinghe</family>
					<given>Devendra</given>
					<prefix>Dr</prefix>
				</name>
				<ext:asEntityIdentifier classCode="IDENT">
					<ext:id root="1.2.36.1.2001.1003.0.8003615833334118" assigningAuthorityName="HPI-I" />
					<ext:assigningGeographicArea classCode="PLC">
						<ext:name>National Identifier</ext:name>
					</ext:assigningGeographicArea>
				</ext:asEntityIdentifier>
			</informationRecipient>
			<receivedOrganization>
				<name>Queen Street GP</name>
				<ext:asEntityIdentifier classCode="IDENT">
					<ext:id root="1.2.36.1.2001.1003.0.8003624900028348" assigningAuthorityName="HPI-O" />
					<ext:assigningGeographicArea classCode="PLC">
						<ext:name>National Identifier</ext:name>
					</ext:assigningGeographicArea>
				</ext:asEntityIdentifier>
			</receivedOrganization>
		</intendedRecipient>
	</informationRecipient>

	<legalAuthenticator>
		<time value="20190201163513+1000" />
		<signatureCode code="S" />
		<assignedEntity>
			<id root="c8f9d970-11fb-4b83-be32-181dcb7518cd" />
			<code code="253312" codeSystem="2.16.840.1.113883.13.62" codeSystemName="1220.0 - ANZSCO - Australian and New Zealand Standard Classification of Occupations, First Edition, 2006" displayName="Cardiologist " />
			<addr use="WP">
				<country>Australia</country>
				<state>QLD</state>
				<city>Brisbane</city>
				<postalCode>4000</postalCode>
				<streetAddressLine>56 Albert Street</streetAddressLine>
			</addr>
			<telecom value="tel:0345754566" use="WP" />
			<telecom value="mailto:authen@northsidecardiology.com" use="WP" />
			<assignedPerson>
				<name>
					<family>Kidman</family>
					<given>Angela</given>
					<prefix>Dr</prefix>
				</name>
				<ext:asEntityIdentifier classCode="IDENT">
					<ext:id root="1.2.36.1.2001.1003.0.8003619166674595" assigningAuthorityName="HPI-I" />
					<ext:assigningGeographicArea classCode="PLC">
						<ext:name>National Identifier</ext:name>
					</ext:assigningGeographicArea>
				</ext:asEntityIdentifier>
			</assignedPerson>
		</assignedEntity>
	</legalAuthenticator>

	<!-- below is the Referrer, which is optional. both HPI-I and HPI-O are optional, a local identifier can be provided, or the identifier can be unknown -->
	<participant typeCode="REFB">
		<time>
			<low value="20190115" />
			<high value="20190116" />
		</time>
		<associatedEntity classCode="PROV">
			<id root="f0920ff1-76de-4e57-9b6d-80f0db747fcf" />
			<code code="253111" codeSystem="2.16.840.1.113883.13.62" codeSystemName="1220.0 - ANZSCO - Australian and New Zealand Standard Classification of Occupations, First Edition, 2006" displayName="General Medical Practitioner" />
			<addr use="WP">
				<country>Australia</country>
				<state>QLD</state>
				<city>Brisbane</city>
				<postalCode>4000</postalCode>
				<streetAddressLine>400 Queen Street</streetAddressLine>
			</addr>
			<telecom value="tel:0786457894" use="WP" />
			<telecom value="mailto:authen@qeeunstgp.com" use="WP" />
			<associatedPerson>
				<name use="L">
					<family>Arasinghe</family>
					<given>Devendra</given>
					<prefix>Dr</prefix>
				</name>
				<ext:asEntityIdentifier classCode="IDENT">
					<ext:id root="1.2.36.1.2001.1003.0.8003615833334118" assigningAuthorityName="HPI-I" />
					<ext:assigningGeographicArea classCode="PLC">
						<ext:name>National Identifier</ext:name>
					</ext:assigningGeographicArea>
				</ext:asEntityIdentifier>
				<ext:asEmployment classCode="EMP">
					<ext:employerOrganization>
						<id root="d836c8be-563e-4f7b-8446-7f311b0399da" />
						<asOrganizationPartOf>
							<wholeOrganization>
								<name use="ORGL">Queen Street GP</name>
								<telecom value="tel:0786457894" use="WP" />
								<addr use="WP">
									<country>Australia</country>
									<state>QLD</state>
									<city>Brisbane</city>
									<postalCode>4000</postalCode>
									<streetAddressLine>400 Queen Street</streetAddressLine>
								</addr>
								<ext:asEntityIdentifier classCode="IDENT">
									<ext:id root="1.2.36.1.2001.1003.0.8003624900028348" assigningAuthorityName="HPI-O" />
									<ext:assigningGeographicArea classCode="PLC">
										<ext:name>National Identifier</ext:name>
									</ext:assigningGeographicArea>
								</ext:asEntityIdentifier>
							</wholeOrganization>
						</asOrganizationPartOf>
					</ext:employerOrganization>
				</ext:asEmployment>
			</associatedPerson>
		</associatedEntity>
	</participant>

	<componentOf>
		<encompassingEncounter>
			<effectiveTime value="20190201143000+1000" />
		</encompassingEncounter>
	</componentOf>

	<component>
		<structuredBody>
			<component>
				<section>
					<title>Attached Content</title>
					<text mediaType="text/x-hl7-text+xml">
						<renderMultiMedia referencedObject="d0bed05f-a84b-400b-a805-03d6a98255a1">
							<caption>Specialist Letter Attached</caption>
						</renderMultiMedia>
					</text>
					<entry>
						<observationMedia ID="d0bed05f-a84b-400b-a805-03d6a98255a1" classCode="OBS" moodCode="EVN">
							<id root="2ee161c5-b117-4dd2-ba02-b2541714cc8d" />
							<value mediaType="application/pdf" integrityCheck="YbSpFtkJ+BMO1cxKyeW3OCQP5qg=">
								<reference value="attachment.pdf" />
							</value>
						</observationMedia>
					</entry>
				</section>
			</component>
		</structuredBody>
	</component>
</ClinicalDocument>